Codigo,Fecha,Solidos Suspendidos,Sólidos Disueltos,Sólidos Sedimentables,Solidos Totales,Alcalinidad,Coliformes Totales,Coliformes Fecales,Dureza Total,Cloruros,Conductividad,DBO,DQO,Fosfatos,Ortofosfatos,GYA,Nitritos,Nitratos,Sulfatos,Turbidez,pH,OD,Temperatura,Silice
-,-,mg/L,mg/L,mg/L,mg/L,mg/L CaCO3,UFC/mL,UFC/mL,mg/L CaCO3,mg/L,µmhos/cm,mg/L,mg/L,mg/L,mg/L,mg/L,mg/L,mg/L,mg/L,UNT,[H+],mg/L,°C,1
RIO102,04/01/2006,,,,310,,5000,900,,51,371,2.1,X,0.498,,1.6,0.0101,0.7,28.3,31,8.1,5.28,26.3,1
RIO103,04/01/2006,,,,306,,X,X,,36,398,X,X,0.74,,2,0.0149,0.7,31.7,26,8.3,5.69,26,1
RIO106,04/01/2006,,,,384,,X,X,,41,428,X,X,1.14,,X,0.0189,1,38,29,8.4,5.86,25.6,1
RIO107,04/01/2006,,,,428,,90000,50000,,49,535,X,X,1.38,,1.2,0.0551,1.4,55.4,43,8.1,5.47,26.4,1
RIO109,04/01/2006,,,,420,,30000,24000,,52,554,1.5,X,0.411,,X,0.033,1.9,61.8,45,8,5.33,26.2,1
RIO111,04/01/2006,,,,320,,X,X,,27,306,X,X,0.471,,X,0.0079,0.7,24.3,22,8,4.9,26.2,1
RIO112,04/01/2006,,,,284,,7000,1700,,28,328,1.6,X,0.551,,2,0.0061,0.9,24.7,21,8,5,26,1
RIO113,04/01/2006,,,,300,,X,X,,30,339,X,X,0.739,,X,0.0033,1,27.5,21,8,4.6,26,1
RIO114,04/01/2006,,,,306,,X,X,,31,360,X,X,0.675,,X,0.0053,1,26.8,36,8.1,4.9,26.2,1
RIO116,04/01/2006,,,,122,,11000,400,,7,70,1.5,X,0.176,,1.2,0.0037,0.5,0.2,19,8.1,4.8,26.1,1
RIO115,04/01/2006,,,,304,,5000,400,,32,366,1.4,15.2,0.572,,1.4,0.0105,0.7,28.4,31,8,4.5,26.4,1
RIO102,03/02/2006,,,,442,,30000,24000,,58,745,1.58,8.3,0.607,,0.8,0.0203,1.1,106.4,27,8.5,4.84,28.2,1
RIO103,03/02/2006,,,,456,,X,X,,60,736,X,X,0.509,,1.2,0.035,1.1,100.4,21,8.6,5.04,26.7,1
RIO106,03/02/2006,,,,490,,X,X,,68,783,X,X,0.638,,1.2,0.0251,1.2,111.8,28,8.2,4.95,27.3,1
RIO107,03/02/2006,,,,752,,90000,90000,,86,1136,2,X,0.376,,1.6,0.1308,2.5,246,30,8.3,4.83,28.4,1
RIO109,03/02/2006,,,,668,,9000,3000,,86,1206,1.83,5.6,0.339,,0.8,0.1821,2.9,273,28,8.4,4.7,29.4,1
RIO111,03/02/2006,,,,260,,X,X,,34,459,X,X,0.452,,X,0.0343,1.3,38.9,12,8.2,5.4,27.4,1
RIO112,03/02/2006,,,,430,,90000,50000,,59,849,1.27,3.7,0.596,,1.2,0.0209,1.1,106.3,23,8.3,5.3,27.6,1
RIO113,03/02/2006,,,,412,,X,X,,60,858,X,X,0.579,,X,0.0225,1.1,103.1,18,8.4,5.1,27.8,1
RIO114,03/02/2006,,,,426,,X,X,,62,880,X,X,0.562,,X,0.0318,1.1,102.1,21,8.4,5,28,1
RIO115,03/02/2006,,,,462,,50000,50000,,59,879,1.13,4.7,0.622,,1.2,0.0342,1.2,103.4,33,8.5,4.6,27,1
RIO102,02/03/2006,,,,434,,24000,8000,,56,778,0.8,8.1,0.415,,1.2,0.0182,0.8,58.1,24,8.8,6.49,30.1,1
RIO103,02/03/2006,,,,418,,X,X,,65,786,X,X,0.359,,1.6,0.023,0.7,62.5,10,8.3,6.89,29.2,1
RIO106,02/03/2006,,,,514,,X,X,,81,899,X,X,0.349,,1,0.016,0.7,104.4,24,8.3,6.86,28.8,1
RIO107,02/03/2006,,,,534,,30000,24000,,83,962,2.18,X,0.234,,0.8,0.019,0.9,116.3,29,8.7,6.6,30.8,1
RIO109,02/03/2006,,,,594,,50000,24000,,85,1008,2.79,4.5,0.203,,0.8,0.0119,0.8,148.1,16,8.5,7.74,29.5,1
RIO111,02/03/2006,,,,402,,X,X,,56,691,X,X,0.515,,X,0.0122,0.8,53.2,29,8.1,6.33,30.6,1
RIO112,02/03/2006,,,,406,,8000,3000,,53,675,1.17,6.4,0.522,,0.8,0.0202,0.9,52,22,8.1,6.99,32.5,1
RIO113,02/03/2006,,,,424,,X,X,,51,674,X,X,0.521,,X,0.0245,0.8,55.9,27,8.3,6.89,32.7,1
RIO114,02/03/2006,,,,420,,X,X,,54,676,X,X,0.593,,X,0.0237,0.9,51.2,20,8.5,6.81,31.3,1
RIO116,02/03/2006,,,,68,,X,X,,5,91,X,1.6,0.187,,0.4,0.0106,0.8,1.1,16,7.7,7.33,29.5,1
RIO115,02/03/2006,,,,412,,5000,2300,,56,660,1.5,8.3,0.496,,1.6,0.0218,0.8,53.4,21,8.4,6.59,32.1,1
RIO102,04/04/2006,,,,662,,5000,2300,,105,1101,0.78,6.3,0.655,,1.2,0.0001,0.8,172,10,8.3,6.52,28,1
RIO103,04/04/2006,,,,824,,X,X,,114,1123,X,X,0.614,,X,0.0007,0.8,222,11,8.6,7.09,27.4,1
RIO106,04/04/2006,,,,766,,X,X,,126,1257,X,X,0.514,,0.5,0.0008,0.9,210.5,6,8.9,6.34,26.8,1
RIO107,04/04/2006,,,,632,,5000,3000,,90,958,1.1,X,0.312,,0.6666667,0.0012,0.9,196,11,7.3,6.43,28.8,1
RIO109,04/04/2006,,,,760,,3000,2300,,117,1176,1.62,8.5,0.029,,0.5,0.0009,0.9,193.5,15,7.3,6.85,30.2,1
RIO111,04/04/2006,,,,398,,X,X,,54,671,X,X,0.775,,X,0,1.2,50.3,8,8.4,6.71,30.7,1
RIO112,04/04/2006,,,,414,,2200,1700,,51,698,1.13,7.9,0.728,,0.8,0.001,1.1,63.5,8,8.5,7.09,29.5,1
RIO113,04/04/2006,,,,342,,X,X,,54,725,X,X,0.511,,X,0.0009,1,71.3,17,8.7,6.37,32.3,1
RIO114,04/04/2006,,,,628,,X,X,,97,1064,X,X,0.659,,X,0.0001,1,151,6,8.7,6.73,28.1,1
RIO115,04/04/2006,,,,690,,2200,1700,,109,1108,1.22,8.3,0.623,,0.8,0.0013,0.9,144.5,12,8.7,6.84,27.4,1
RIO102,04/05/2006,,,,522,,5000,2300,,25,313,2.21,32.7,0.529,,3.6,0.0073,0.9,55,304,8.3,3.97,26.2,1
RIO103,04/05/2006,,,,484,,X,X,,23,278,X,X,0.396,,2.8,0.0071,0.8,46.8,252,7.5,4.17,26.5,1
RIO106,04/05/2006,,,,540,,X,X,,22,290,X,X,0.379,,2.8,0.0079,1,45.5,335,7.9,3.78,27.1,1
RIO107,04/05/2006,,,,540,,30000,5000,,27,318,2.65,X,0.389,,1.2,0.0047,1.6,47.8,384,8.6,4.04,27.8,1
RIO109,04/05/2006,,,,544,,30000,2200,,34,475,2.25,19,0.395,,0.8,0.0018,1.2,68.9,278,8.4,4.08,27.4,1
RIO111,04/05/2006,,,,282,,X,X,,12,183,X,X,0.315,,X,0.0039,0.9,10.3,127,7.8,4.4,26.6,1
RIO112,04/05/2006,,,,646,,5000,2300,,61,588,1.65,28.5,0.172,,3.023256,0.006,0.8,66.6,227,7.9,4.2,26.2,1
RIO113,04/05/2006,,,,464,,X,X,,34,343,X,X,0.138,,X,0.006,0.9,63.2,222,7.7,4.3,26.5,1
RIO114,04/05/2006,,,,476,,X,X,,28,351,X,X,0.178,,X,0.0063,0.9,60.9,221,7.5,5,27.6,1
RIO116,04/05/2006,,,,118,,24000,2300,,6,50,0.74,8.8,0.098,,2,0.0041,0.8,0.1,36,7.7,4.2,26.9,1
RIO115,04/05/2006,,,,510,,13000,2300,,26,301,1.61,26.6,0.21,,3.6,0.0064,0.8,53.9,283,7.8,4.1,26,1
RIO102,06/06/2006,,,,322,,13000,5000,,25,336,0.76,X,0.337,,1.304348,0.0111,0.9,35.8,100,8.5,6.5,28.6,1
RIO103,06/06/2006,,,,300,,X,X,,22,331,X,X,0.423,,1.73913,0.0088,0.9,31.4,42,7.8,6.81,28.8,1
RIO106,06/06/2006,,,,318,,X,X,,21,316,X,X,0.408,,0.8695652,0.0104,1.1,46.5,135,7.9,6.32,28.4,1
RIO107,06/06/2006,,,,366,,30000,2600,,24,381,1.64,X,0.364,,1.25,0.0844,1.3,32.7,122,7.2,6.4,28.6,1
RIO109,06/06/2006,,,,408,,3000,1300,,32,406,1.61,X,0.304,,1.666667,0.068,1.5,54.9,148,7.2,6.06,29,1
RIO111,06/06/2006,,,,226,,X,X,,19,273,X,X,0.342,,X,0.0077,0.8,14.4,61,7.8,7.41,27.7,1
RIO112,06/06/2006,,,,370,,30000,13000,,32,408,1.56,X,0.34,,1.73913,0.0084,0.8,53.5,94,7.9,6.83,27.7,1
RIO113,06/06/2006,,,,254,,X,X,,25,339,X,X,0.451,,X,0.0069,0.8,38.3,59,7.6,7,28,1
RIO114,06/06/2006,,,,600,,X,X,,67,312,X,X,0.354,,X,0.0223,0.7,40.2,858,7.8,6.94,28.1,1
RIO115,06/06/2006,,,,306,,13000,1100,,25,349,0.76,X,0.522,,1.935484,0.0057,0.7,35.5,73,8,6.8,27.2,1
RIO102,02/07/2006,,,,458,,9000,3000,,62,716,0.56,1.9,0.334,,1.3,0.004,0.8,135.4,37,8.4,5.3,28.6,1
RIO103,02/07/2006,,,,492,,X,X,,60,713,X,X,0.599,,1,0.0047,0.9,113.8,50,8.4,5.6,28.7,1
RIO106,02/07/2006,,,,514,,X,X,,61,722,X,X,0.545,,1.3,0.0044,1.2,120.5,57,8.4,5.3,29.3,1
RIO107,02/07/2006,,,,552,,9000,5000,,68,738,0.67,X,0.438,,1.2,0.0064,1.5,128.7,64,8.3,5.4,29.9,1
RIO109,02/07/2006,,,,586,,17000,11000,,61,759,0.89,5.9,0.446,,0.8,0.0086,1.5,135.1,78,8,5.5,29.4,1
RIO111,02/07/2006,,,,244,,X,X,,25,373,X,X,0.31,,X,0.0019,0.9,27.6,12,8.2,5.4,29.4,1
RIO112,02/07/2006,,,,570,,11000,5000,,76,843,0.92,1.9,0.437,,1.2,0.0068,1,174.3,18,8.3,5,29,1
RIO113,02/07/2006,,,,474,,X,X,,61,735,X,X,0.472,,X,0.0036,0.9,137.8,19,8.3,5.3,29.3,1
RIO114,02/07/2006,,,,476,,X,X,,62,705,X,X,0.588,,X,0.0045,0.9,137.7,30,8.4,5.2,28.5,1
RIO116,02/07/2006,,,,42,,9000,300,,20,75,0.89,1.6,0.212,,X,0.0066,0.8,0.2,9,8.5,6,31.6,1
RIO115,02/07/2006,,,,466,,13000,8000,,63,705,0.83,4.5,0.413,,1.1,0.0059,0.8,147.3,34,8.4,5.2,28.2,1
RIO102,02/08/2006,,,,426,,8000,3000,,42,524,0.34,X,0.586,,1.4,0.0068,0.8,83.5,72,8.3,5.81,31.3,1
RIO103,02/08/2006,,,,412,,X,X,,41,498,X,X,0.53,,1.9,0.0087,0.9,79.7,110,8.2,5.85,31.5,1
RIO106,02/08/2006,,,,426,,X,X,,42,507,X,X,0.502,,1.4,0.0094,0.8,74.7,138,8.2,5.97,30.1,1
RIO107,02/08/2006,,,,500,,17000,1700,,47,582,0.55,X,0.561,,2,0.0607,1.7,105.5,160,8.2,5.46,31.8,1
RIO109,02/08/2006,,,,500,,13000,700,,49,561,0.42,X,0.557,,3,0.0659,2,87.5,172,8.3,5.39,31.6,1
RIO111,02/08/2006,,,,258,,X,X,,24,354,X,X,0.389,,X,0.0106,0.9,23.2,66,8,5.43,31.3,1
RIO112,02/08/2006,,,,430,,5000,700,,48,581,0.61,X,0.433,,2.1,0.0095,0.8,95,40,8,5.83,31.9,1
RIO113,02/08/2006,,,,442,,X,X,,48,551,X,X,0.398,,X,0.0075,0.9,84.7,60,8,5.96,31.6,1
RIO114,02/08/2006,,,,406,,X,X,,39,491,X,X,0.362,,X,0.0071,0.8,72.2,76,7.9,5.57,31.9,1
RIO115,02/08/2006,,,,420,,11000,800,,44,528,0.67,X,0.404,,1,0.0037,0.9,83.5,72,8,6.18,31.3,1
RIO102,01/09/2006,,,,438,,50000,3000,,32,401,1.73,11.3,0.465,,1,0.0012,0.8,45,194,8.1,6.96,28.7,1
RIO103,01/09/2006,,,,480,,X,X,,31,379,X,X,0.473,,1.1,0.0009,0.8,41.7,240,8.1,6.91,28,1
RIO106,01/09/2006,,,,774,,X,X,,27,352,X,X,0.433,,0.5,0.0017,1,38.1,542,7.9,6.88,27.9,1
RIO107,01/09/2006,,,,636,,50000,7000,,27,352,1.8,X,0.433,,1,0.0017,1,43.2,581,8.1,6.98,28.5,1
RIO109,01/09/2006,,,,724,,50000,13000,,32,378,2.03,41.9,0.388,,1,0.004,1,44.7,737,8.1,6.92,29.9,1
RIO111,01/09/2006,,,,264,,X,X,,23,335,X,X,0.573,,X,0.0078,0.9,17.6,54,8,6.32,28.5,1
RIO112,01/09/2006,,,,382,,24000,13000,,38,468,1.62,16.4,0.479,,1.1,0.0032,0.8,61.5,98,7.7,6.93,27.9,1
RIO113,01/09/2006,,,,406,,X,X,,34,440,X,X,0.479,,X,0.0024,0.7,52.1,105,8,6.14,29.7,1
RIO114,01/09/2006,,,,434,,X,X,,34,416,X,X,0.615,,X,0.0065,1,46.8,142,7.8,6.86,28,1
RIO116,01/09/2006,,,,54,,8000,1100,,6,75,0.92,9.1,0.217,,0.8,0.0037,0.7,1,13,8.8,6.5,29.5,1
RIO115,01/09/2006,,,,390,,90000,9000,,33,405,1.45,18.3,0.606,,1,0.0003,0.7,45.5,183,7.7,6.77,28.1,1
RIO102,04/10/2006,,,,372,,8000,800,,38,434,1.38,21.1,0.512,,0.4,0.0078,0.8,58.1,125,8,5.48,28.9,1
RIO103,04/10/2006,,,,352,,X,X,,30,410,X,X,0.51,,1.4,0.0072,0.7,53.3,129,8,5.86,28.6,1
RIO106,04/10/2006,,,,424,,X,X,,39,438,X,X,0.497,,1.1,0.0053,0.9,58,164,8.1,5.86,28.6,1
RIO107,04/10/2006,,,,370,,13000,200,,39,470,1.59,X,0.358,,0.5,0.0179,1.1,40.6,115,8.2,5.8,29,1
RIO109,04/10/2006,,,,454,,13000,1700,,43,560,1.59,14.2,0.452,,0.7,0.176,1.3,79.9,140,8.1,5.57,29.6,1
RIO111,04/10/2006,,,,264,,X,X,,23,331,X,X,0.611,,X,0.0107,0.9,36,53.6,7.9,5.81,29.7,1
RIO112,04/10/2006,,,,372,,13000,2700,,51,539,1.15,13.3,0.5,,0.8,0.0103,0.7,90.5,70.2,7.7,6.22,29,1
RIO113,04/10/2006,,,,292,,X,X,,39,435,X,X,0.521,,X,0.0093,0.8,59.75,70.8,7.9,5.96,30.7,1
RIO114,04/10/2006,,,,336,,X,X,,38,439,X,X,0.595,,X,0.0078,0.8,55,94,7.9,6.35,28,1
RIO115,04/10/2006,,,,364,,5000,700,,38,439,1.14,18.1,0.493,,1.2,0.0083,0.8,57.4,122,7.5,6.35,28,1
RIO102,03/11/2006,,,,286,,13000,5000,,27,407,0.9,8.6,0.588,,1.2,0.0078,0.9,45.3,49.5,8.4,5.26,27.1,1
RIO103,03/11/2006,,,,296,,X,X,,32,480,X,X,0.671,,X,0.0091,1,76.6,63.2,8.4,5.33,27.3,1
RIO106,03/11/2006,,,,330,,X,X,,33,482,X,X,0.606,,2,0.0098,1,76.3,82.5,8.4,5.4,28.7,1
RIO107,03/11/2006,,,,392,,50000,4000,,31,495,1.14,X,0.6,,2.6,0.0106,1.2,64.3,83.2,8.4,5.73,28.1,1
RIO109,03/11/2006,,,,388,,24000,2700,,39,523,0.93,14.5,0.604,,1.1,0.0102,1.1,93.5,99.7,8.3,5.83,30,1
RIO111,03/11/2006,,,,202,,X,X,,19,294,X,X,0.595,,X,0.0091,1,18.3,28.1,8,5.01,28.1,1
RIO112,03/11/2006,,,,352,,17000,2700,,47,616,0.67,6.1,0.58,,2.4,0.0089,1,74.9,31.6,7.9,5.84,31.6,1
RIO113,03/11/2006,,,,284,,X,X,,38,477,X,X,0.758,,X,0.0071,1,57.9,36.1,8,5.28,30.3,1
RIO114,03/11/2006,,,,288,,X,X,,32,431,X,X,0.59,,X,0.0039,0.9,47.6,52.1,8,5.31,28.7,1
RIO116,03/11/2006,,,,54,,5000,1700,,5,66,0.67,X,0.412,,1.6,0.0076,0.7,0,8.34,8.3,5.62,30.7,1
RIO115,03/11/2006,,,,286,,13000,1400,,32,412,0.63,31.9,1.309,,1.6,0.0069,0.9,46.7,38.7,8,6.24,27.4,1
RIO102,06/12/2006,,,,462,,13000,5000,,28,381,1.46,X,0.254,,1.2,0.0126,1.1,41.7,84.5,7.4,6.19,28,1
RIO103,06/12/2006,,,,1314,,X,X,,17,201,X,X,0.315,,X,X,1,6.4,344,7.4,5.95,28,1
RIO106,06/12/2006,,,,1942,,X,X,,16,186,X,X,0.321,,X,X,1,0.9,487,7.6,6.05,25.7,1
RIO109,06/12/2006,,,,1290,,160000,24000,,22,287,4.33,X,0.288,,0.9,0.0577,1.3,57.1,848,7.4,5.57,24.6,1
RIO111,06/12/2006,,,,434,,X,X,,17,209,X,X,0.266,,X,X,0.9,8.6,127,7.8,6.45,25.9,1
RIO112,06/12/2006,,,,368,,50000,30000,,18,236,1.94,X,0.286,,1.1,0.0085,1,23.2,187,7.7,6.96,26.2,1
RIO113,06/12/2006,,,,892,,X,X,,18,226,X,X,0.31,,X,X,0.8,23.3,204,7.7,5.82,26.1,1
RIO114,06/12/2006,,,,1020,,X,X,,18,230,X,X,0.278,,X,X,0.8,25.7,260,7.7,6.36,25.4,1
RIO115,06/12/2006,,,,1232,,30000,24000,,17,238,2.62,X,0.312,,0.7,0.0094,1.1,24.7,390,7.6,6.88,25.7,1
RIO115,06/06/2006,,,,306,,13000,1100,,25,349,0.76,X,0.522,,1.9,0.0057,0.7,35.5,73,8,6.8,27.2,1
RIO102,05/01/2007,X,,,334,X,8000,8000,,42,558,1.8,X,0.561,,1.3,X,0.6,40.5,13.7,7.5,5.84,25.1,1
RIO103,05/01/2007,X,,,582,X,X,X,,59,872,X,X,0.552,,1.3,X,0.8,192.9,15.1,7.6,5.95,25.2,1
RIO106,05/01/2007,X,,,508,X,X,X,,64,822,X,X,0.593,,X,X,0.6,155.9,26.2,7.6,5.54,25.3,1
RIO107,05/01/2007,X,,,478,X,30000,13000,,64,772,1.5,X,0.245,,X,X,1,95.9,13.6,7.6,5.74,25.2,1
RIO109,05/01/2007,X,,,666,X,5000,3000,,81,972,1.6,X,0.352,,X,X,1.1,192.1,23.9,7.5,6.04,26.1,1
RIO111,05/01/2007,X,,,288,X,X,X,,39,577,X,X,0.6,,X,X,1,37.2,4.3,7.6,6.59,26.6,1
RIO112,05/01/2007,X,,,362,X,24000,24000,,39,597,1.15,X,0.56,,1.8,X,0.9,40,11.6,7.6,6.13,26.7,1
RIO113,05/01/2007,X,,,346,X,X,X,,40,588,X,X,0.681,,X,X,1,37.8,10.2,7.7,6.09,27.9,1
RIO114,05/01/2007,X,,,340,X,X,X,,41,574,X,X,0.66,,X,X,0.8,38.5,10.9,7.7,5.33,27.3,1
RIO116,05/01/2007,X,,,88,X,5000,5000,,6,80,1.21,X,0.163,,X,X,0.6,1,3.46,7.6,6.04,27.9,1
RIO115,05/01/2007,X,,,344,X,24000,5000,,41,578,1.19,X,0.513,,1,X,0.7,45.5,9.02,7.8,5.49,27.6,1
RIO102,20/01/2007,X,,,406,X,3000,2300,,50,642,X,X,0.596,,X,X,0.6,57.7,3.35,8.3,5.95,24.6,1
RIO103,20/01/2007,X,,,792,X,X,X,,80,1074,X,X,0.536,,X,X,0.7,282,9.88,8.2,5.8,24.8,1
RIO109,20/01/2007,X,,,772,X,5000,1700,,92,1092,X,X,0.427,,X,X,0.7,258,18.8,8.2,5.94,26.6,1
RIO112,20/01/2007,X,,,350,X,5000,3000,,43,683,X,X,0.758,,X,X,0.7,61.3,3.72,8.1,5.62,27.1,1
RIO102,01/02/2007,X,,,398,X,2300,800,,50,648,1.3,6.3,0.521,,X,X,0.2,46,7.06,8.4,8,29.8,1
RIO103,01/02/2007,X,,,912,X,X,X,,80,1098,X,X,0.536,,X,X,0.3,279,7.47,8.3,7.57,29.4,1
RIO106,01/02/2007,X,,,912,X,X,X,,75,909,X,X,0.534,,X,X,0.4,160,4.5,8.2,8.14,27.1,1
RIO107,01/02/2007,X,,,662,X,24000,24000,,75,891,0.8,X,0.359,,X,X,0.9,146,8.6,8,7.34,28.7,1
RIO109,01/02/2007,X,,,872,X,3000,3000,,97,1162,1,6.8,0.214,,X,X,0.9,286,8.6,8.2,8.14,27.1,1
RIO111,01/02/2007,X,,,426,X,X,X,,50,668,X,X,0.641,,X,X,1.2,47.5,5.14,8.1,8.16,29.6,1
RIO112,01/02/2007,X,,,392,X,2300,2300,,46,468,1.1,6,0.562,,X,X,0.8,46.4,4.16,8.3,8.22,27.4,1
RIO113,01/02/2007,X,,,404,X,X,X,,46,651,X,X,0.653,,X,X,0.7,44.7,4.79,8.4,8.09,30.4,1
RIO114,01/02/2007,X,,,426,X,X,X,,49,670,X,X,0.642,,X,X,0.3,45.3,7.98,8.3,7.36,27,1
RIO115,01/02/2007,X,,,422,X,2300,400,,51,670,1.9,6.7,0.74,,X,X,0.2,45.8,4.01,8.4,8.06,27,1
RIO102,06/03/2007,1.5,,,432,238,24000,5000,,64,745,2.4,X,0.491,,0.67,0,0.5,56.1,6.04,8.2,8.56,28.2,1
RIO103,06/03/2007,1.5,,,460,260,X,X,,79,800,X,X,0.534,,1.74,0.00031,0.7,70.1,5.44,8.2,8.56,28.2,1
RIO106,06/03/2007,1.75,,,540,252,X,X,,84,878,X,X,0.451,,1.6,0.00011,0.7,96.5,3.8,8,8.1,26.9,1
RIO107,06/03/2007,1.75,,,578,238,24000,5000,,80,840,1.9,X,0.26,,1.2,0.00076,0.7,92.5,6.39,8.4,8.57,29.6,1
RIO109,06/03/2007,2.25,,,600,219,8000,3000,,96,935,2.4,26.2,0.241,,0.8,0.00016,0.7,137,8.43,8.3,8.57,30.9,1
RIO111,06/03/2007,3,,,428,270,2200,1300,,62,771,1.8,22.7,0.937,,1.4,0.00014,0.7,59.7,8.4,8.1,8.54,29,1
RIO112,06/03/2007,1.5,,,398,276,X,X,,68,731,X,X,0.79,,X,0.00031,0.6,53.2,3.12,8.5,8.37,27.5,1
RIO113,06/03/2007,3.25,,,382,255,X,X,,60,709,X,X,0.561,,X,0.00022,0.7,53.3,3.78,8.7,8.63,31.6,1
RIO114,06/03/2007,2.5,,,426,256,X,X,,65,745,X,X,0.697,,X,0.00021,0.5,55.9,3.8,8.2,7.62,26,1
RIO116,06/03/2007,1,,,20,52,1300,800,,6,101,1.2,21.3,0.263,,0.8,0.00027,0.7,3.3,2.15,8.2,8.55,29,1
RIO115,06/03/2007,2.75,,,420,240,28000,8000,,64,731,1.9,23.9,0.511,,1.2,0,0.6,55.7,4.64,8.2,7.76,26.2,1
RIO102,02/04/2007,116,,,336,160,24000,400,,25,429,0.72,X,0.395,,2,0.00011,0.8,34.16,104,7.9,5.96,30,1
RIO103,02/04/2007,78,,,404,161,X,X,,23,548,X,x,0.368,,1.333333,0,0.8,73.68,108,8,5.67,29.6,1
RIO106,02/04/2007,83,,,394,150,X,X,,25,548,X,X,0.319,,1.153846,0,0.8,68.12,119,8.1,5.56,29,1
RIO107,02/04/2007,105,,,458,162,30000,2200,,30,520,0.95,X,0.32,,1.6,0.0014,0.9,73.2,142,8.2,6.07,28.9,1
RIO109,02/04/2007,104,,,460,148,17000,400,,31,548,1.05,X,0.342,,0.76,0.0026,1,115.5,126,8.3,5.9,29,1
RIO111,02/04/2007,40,,,278,190,50000,50000,,26,433,4.27,16.2,0.423,,1.2,0,0.9,30.48,64.6,7.9,5.46,31.8,1
RIO112,02/04/2007,44,,,288,166,X,X,,23,416,X,X,0.447,,X,0,0.8,22.36,66.5,7.9,5.38,30,1
RIO113,02/04/2007,100,,,284,166,X,X,,25,419,X,X,0.382,,X,0,0.8,21.04,78.5,8,5.09,29.8,1
RIO114,02/04/2007,62,,,342,162,X,X,,18,403,X,X,0.379,,X,0,0.8,32.81,108,8,5.37,29.9,1
RIO115,02/04/2007,79,,,306,163,14000,5000,,24,410,1.7,X,0.343,,2,0.0004,0.8,33.76,97.5,8.1,5.22,28.8,1
RIO103,23/04/2007,X,,,570,X,X,X,,20,340,1.99,27.8,0.406,,X,X,1,11,320,7.8,7.94,27.5,1
RIO102,23/04/2007,X,,,462,X,5000,3000,,17,336,1.59,25.6,0.437,,X,X,1.2,9,230,8.2,7.75,26.4,1
RIO109,23/04/2007,X,,,800,X,5000,2300,,22,373,2.25,28.8,0.303,,X,X,1.5,33.3,456,8,7.48,26.5,1
RIO111,23/04/2007,X,,,246,X,24000,5000,,16,260,2.07,20.9,0.376,,X,X,1,4.5,119,8.1,7.84,26.7,1
RIO102,02/05/2007,51.7,,,310,130,170000,7000,,24,401,0.55,11.5,0.367,,1.87,0.0001,0.9,38.2,54,7.6,7.1,29.3,1
RIO103,02/05/2007,113.7,,,306,135,X,X,,24,396,X,X,0.331,,1.88,0.0002,0.8,36,51.5,7.6,7.06,29.3,1
RIO106,02/05/2007,82,,,300,140,X,X,,25,378,X,X,0.336,,1.43,0,0.7,35,51.8,7.6,7.42,28.7,1
RIO107,02/05/2007,93,,,348,150,17000,3000,,22,428,0.61,X,0.419,,2,0.0007,0.9,40.6,85,7.7,7.4,29.9,1
RIO109,02/05/2007,69,,,364,150,17000,2300,,22,426,0.69,7,0.426,,1.5,0.0002,0.9,48.1,85.3,7.7,7.06,30.7,1
RIO111,02/05/2007,37.7,,,228,115,30000,8000,,19,357,0.6,9.3,0.397,,1.04,0.0005,0.8,25.6,34.3,7.8,6.96,30.1,1
RIO112,02/05/2007,24,,,222,130,X,X,,26,445,X,X,0.419,,X,0.0007,0.8,46.4,12.8,7.8,7.06,30.7,1
RIO113,02/05/2007,35.5,,,282,130,X,X,,27,435,X,X,0.396,,X,0.0002,0.8,45.6,31.5,7.8,6.37,30.7,1
RIO114,02/05/2007,32.7,,,276,140,X,X,,29,443,X,X,0.352,,X,0,0.8,45.1,26.8,7.9,7.16,30.6,1
RIO116,02/05/2007,9.7,,,44,30,50000,800,,7,82,0.25,5,0.212,,1.03,0,0.6,0.9,7.5,8.6,8.27,32,1
RIO115,02/05/2007,49.7,,,312,145,17000,200,,26,420,0.35,9.9,0.348,,1.61,0,0.8,38.1,54.8,7.9,7.8,28.5,1
RIO103,23/05/2007,X,,,318,X,X,X,,29,300,X,18.3,0.335,,X,X,0.8,39.9,98.6,7.3,6.71,30.7,1
RIO107,23/05/2007,X,,,384,X,2300,200,,31,335,5.56,18.5,0.321,,X,X,1,48.4,145,7.6,6.94,30,1
RIO109,23/05/2007,X,,,400,X,5000,200,,32,345,2.35,19.7,0.308,,X,X,1,47.1,151,7.5,6.81,30.2,1
RIO111,23/05/2007,X,,,184,X,3000,200,,17,236,1.98,16.2,0.32,,X,X,0.9,14.1,38.7,7.8,6.69,26,1
RIO115,23/05/2007,X,,,314,X,2700,200,,28,342,1.97,24.6,0.308,,X,X,0.9,38.7,96.5,7.8,6.69,26.4,1
RIO102,04/06/2007,302,,,456,150,24000,1300,,18,281,1.9,X,0.398,,3.02,0.0119,1,25.2,205,7.3,6.2,27.9,1
RIO103,04/06/2007,329,,,502,155,X,X,,20,295,X,X,0.458,,2.33,0.0151,1.3,31.6,319,7.2,6.1,27.9,1
RIO106,04/06/2007,414,,,574,155,X,X,,20,295,X,X,0.458,,2.27,0.0151,1.3,31.6,319,7.1,5.9,27.8,1
RIO107,04/06/2007,438,,,646,170,13000,2300,,25,364,2.3,23.8,0.512,,2.84,0.0189,1.6,48,360,7.5,5.9,29.2,1
RIO109,04/06/2007,629,,,976,170,30000,5000,,25,355,2.5,25.2,0.538,,1.82,0.0188,1.6,48.5,442,7.5,6,29,1
RIO111,04/06/2007,88,,,254,190,13000,2300,,18,253,1.5,13.6,0.389,,2.03,0.0021,0.8,16.7,79.5,8,7.19,27.5,1
RIO112,04/06/2007,117,,,330,170,X,X,,19,297,X,X,0.397,,X,0.0037,1,28.9,100,7.9,7.28,26.9,1
RIO113,04/06/2007,153,,,356,160,X,X,,17,284,X,X,0.415,,X,0.0036,0.9,24.2,120,7.9,7.03,26.9,1
RIO114,04/06/2007,232,,,406,160,X,X,,18,293,X,X,0.394,,X,0.0072,1.1,25.5,186,7.9,7.12,26.4,1
RIO115,04/06/2007,239,,,408,175,24000,3000,,18,288,1.5,17.6,0.398,,2.16,0.0131,1,26.1,168,8,6.94,26.1,1
RIO103,19/06/2007,X,,,340,X,X,X,,23,358,X,X,0.422,,X,X,0.9,29.1,95.7,8,6.96,28.6,1
RIO107,19/06/2007,X,,,386,X,5000,2300,,31,453,1.3,X,0.362,,X,X,1.2,42.1,101,8.1,6.3,29.3,1
RIO109,19/06/2007,X,,,540,X,8000,5000,,45,611,1.5,19.4,0.348,,X,X,1.1,X,101,8.1,6.2,29.2,1
RIO111,19/06/2007,X,,,232,X,7000,2300,,21,304,1.1,10.8,0.311,,X,X,0.8,22.5,24.6,7.7,6.18,29,1
RIO115,19/06/2007,X,,,290,X,13000,1700,,24,352,1.3,13.5,0.329,,X,X,0.9,28.1,50.6,8,6.98,29,1
RIO103,04/07/2007,99,,,260,109,X,X,,22,287,X,X,0.397,,1.2,0.0017,0.9,23.7,92.7,7.3,8.05,28.7,1
RIO106,04/07/2007,129.5,,,276,99,X,X,,23,287,X,X,0.392,,1.33,0.0041,0.9,25.1,125,7.3,7.69,29.1,1
RIO107,04/07/2007,166.5,,,338,113,1200,200,,29,343,2.3,X,0.389,,2.22,0.004,0.7,28.2,126,7.4,6.55,28.6,1
RIO109,04/07/2007,85.5,,,418,100,1700,200,,32,381,2,20.2,0.441,,2.38,0.0091,0.8,54.1,139,7.4,6.3,29.5,1
RIO111,04/07/2007,35,,,210,115,14000,1400,,22,264,1.7,X,0.405,,1.14,0.0146,0.6,20.5,39.6,8,6.82,30,1
RIO112,04/07/2007,39,,,230,112,X,X,,23,281,X,X,0.332,,X,0.0187,0.5,21.3,41,7.8,6.58,29.3,1
RIO113,04/07/2007,32,,,268,110,X,X,,21,287,X,X,0.333,,X,0.0129,0.5,23.3,52.5,8,6.55,29.2,1
RIO114,04/07/2007,61.5,,,272,110,X,X,,24,288,X,X,0.372,,X,0.0017,0.6,23.5,58.2,8.1,7.08,28.6,1
RIO116,04/07/2007,26.7,,,78,22,24000,1700,,4,66,1.6,7,0.07,,0.67,0.0015,0.8,0.3,8.26,8.1,7.81,30.3,1
RIO115,04/07/2007,67,,,260,110,24000,1700,,23,282,1.5,17.5,0.396,,1.36,0.0075,0.6,24.5,73.5,8,7.21,27.6,1
RIO103,19/07/2007,10.25,,,406,229,X,X,,47,778,X,X,0.632,,X,0.0119,0.7,47,14.7,8.4,7.64,28.7,1
RIO107,19/07/2007,20.25,,,408,230,30000,1300,,55,826,X,12.4,0.47,,X,0.0175,0.7,49,24.7,8.4,7.55,31.1,1
RIO109,19/07/2007,16.75,,,558,237,30000,7000,,72,1018,2,22.5,0.523,,X,0.0096,0.6,159.5,24,8.5,7.93,31.1,1
RIO111,19/07/2007,9,,,364,197,30000,5000,,43,737,1.7,X,0.707,,X,0.0149,0.7,56,12,8.1,7.43,30,1
RIO115,19/07/2007,12.25,,,422,220,17000,1700,,45,778,X,X,0.613,,X,0.0115,0.8,38,13.1,8.4,7.79,29.7,1
RIO102,03/08/2007,450.7,,,382,155,5000,200,,41,468,0.95,17.1,0.575,,1.11,0.008,0.6,34.5,74.6,8.1,5.27,29.1,1
RIO103,03/08/2007,70.7,,,434,163,X,X,,44,491,X,X,0.65,,1.74,0.0087,0.7,49.3,83.6,8,5.38,29.8,1
RIO106,03/08/2007,79,,,462,156,X,X,,45,546,X,X,0.626,,1.79,0.0078,0.6,63.8,99.8,7.8,5.11,31.8,1
RIO107,03/08/2007,107,,,450,171,13000,3000,,49,548,1,17.5,0.438,,1.71,0.0113,0.8,68,128,7.8,5.15,31.5,1
RIO109,03/08/2007,81.5,,,416,150,2700,1300,,46,573,1.21,17.1,0.501,,1.42,0.0114,0.8,72,96.3,7.9,5.22,32.8,1
RIO111,03/08/2007,24.5,,,346,149,8000,2200,,54,435,2.48,17.3,0.52,,1,0.0097,0.6,26.9,35.1,7.9,4.52,30.2,1
RIO112,03/08/2007,38.5,,,358,155,X,X,,41,468,X,X,0.575,,X,0.008,0.6,34.5,74.6,8.3,5.05,27.6,1
RIO113,03/08/2007,37.3,,,356,170,X,X,,35,489,X,X,0.613,,X,0.0058,0.6,29.3,47.3,7.9,4.81,30.5,1
RIO114,03/08/2007,59.3,,,388,154,X,X,,43,470,X,X,0.64,,X,0.0185,0.6,33.8,67,7.9,5.56,27.4,1
RIO115,03/08/2007,X,,,354,165,X,X,,35,472,X,17.1,0.606,,1.01,0.0068,0.5,34.5,62.5,8.1,5.39,29,1
RIO103,15/08/2007,X,,,674,X,X,X,,27,294,X,23.7,0.684,,X,X,0.7,25.7,169,8,7.03,26.8,1
RIO115,15/08/2007,X,,,646,X,X,X,,29,310,X,22.8,0.632,,X,X,0.5,22.2,154,7.9,6.99,25.2,1
RIO103,21/08/2007,X,,,590,X,X,X,,30,364,X,X,0.495,,X,X,0.8,19.3,340,8.2,7.18,27.7,1
RIO107,21/08/2007,X,,,762,X,17000,1700,,34,417,3.37,X,0.446,,X,X,0.9,41.3,528,8.4,7.1,28.7,1
RIO109,21/08/2007,X,,,786,X,35000,35000,,32,405,3.23,X,0.341,,X,X,0.8,46,447,8.2,6.93,27.5,1
RIO111,21/08/2007,X,,,280,X,22000,8000,,22,257,1.94,X,0.5,,X,X,0.5,28.8,106,8.1,7.18,26.1,1
RIO115,21/08/2007,X,,,544,X,13000,1100,,28,361,1.37,X,0.378,,X,X,0.8,34.8,278,8.1,7.19,26.9,1
RIO102,05/09/2007,284,,,374,83,14000,3000,,16,234,1.08,27.2,0.352,,2.73,0,0.6,15.7,168,8,6.4,26.5,1
RIO103,05/09/2007,130,,,236,98,X,X,,17,250,X,X,0.433,,1.36,0,0.7,18.6,143,8.1,6.8,26.8,1
RIO106,05/09/2007,217,,,410,96,X,X,,19.4,290,X,X,0.375,,3,0.0034,0.9,30.5,215,8.1,6.5,28.6,1
RIO107,05/09/2007,194,,,436,107,24000,1700,,21.6,344,2.04,18.7,0.303,,1.36,0.0086,0.9,46.8,222,8.1,6.6,27.4,1
RIO109,05/09/2007,157,,,438,105,30000,24000,,22.4,357,2.23,21.6,0.343,,1.5,0.0065,0.9,57.8,242,8,6.9,27.8,1
RIO111,05/09/2007,219,,,350,58,5000,1700,,12,138,2.62,42.4,0.234,,2.91,0,0.9,0.7,212,7.9,7.85,26,1
RIO112,05/09/2007,264,,,416,63,X,X,,12,162,X,X,0.352,,X,0,0.7,9.5,272,7.9,7.34,25.4,1
RIO113,05/09/2007,260,,,412,51,X,X,,13,159,X,X,0.443,,X,0,1.2,7.7,245,7.9,7.18,26.2,1
RIO114,05/09/2007,157,,,394,88,X,X,,14,221,X,X,0.455,,X,0,0.7,14.1,169,7.9,7.8,25.2,1
RIO116,05/09/2007,115,,,266,40,130,11,,10,92,2.92,36.4,0.286,,3.08,0.0032,0.5,0.4,187,7.9,8.1,25,1
RIO115,05/09/2007,387,,,488,40,9000,700,,10,181,1.3,39,0.449,,2,0,0.6,10.5,377,8,7.34,27.1,1
RIO103,20/09/2007,X,,,468,X,X,X,,18,247,X,X,0.111,,X,X,1.2,26.4,118,7.7,6.29,28.7,1
RIO107,20/09/2007,X,,,518,X,50000,1200,,22,408,1.37,23.1,0.057,,X,X,1.3,21.9,264,7.7,5.49,28,1
RIO109,20/09/2007,X,,,550,X,24000,8000,,19,353,2.06,29.8,0.065,,X,X,1,58.2,259,7.8,4.27,28.4,1
RIO111,20/09/2007,X,,,204,X,13000,400,,13,224,1.13,12.9,0.113,,X,X,1.2,10.6,44.3,7.9,5.13,28.1,1
RIO115,20/09/2007,X,,,324,X,24000,2200,,18,275,1.91,20.5,0.085,,X,X,1.2,22.8,150,7.6,6.24,28.2,1
RIO102,02/10/2007,111,,,137,85,30000,1700,,13,230,0.87,21,0.241,,2.38,0.0064,0.8,14,133,7.3,7.04,26.8,1
RIO103,02/10/2007,112,,,276,90,X,X,,15,233,X,X,0.25,,1.9,0.0064,0.7,14,120,7.3,6.95,27.1,1
RIO106,02/10/2007,230,,,380,84,X,X,,15,236,X,X,0.286,,2.38,0.0087,0.7,18.7,194,7.2,6.96,26.7,1
RIO107,02/10/2007,201,,,432,102,24000,1300,,16,312,1.42,23.9,0.202,,2.5,0.0114,1,33.5,195,7.3,6.74,26.9,1
RIO109,02/10/2007,275,,,546,89,30000,13000,,22,302,1.69,29.4,0.145,,1.9,0.0135,1,34.4,220,7.3,6.46,26.9,1
RIO111,02/10/2007,38,,,196,74,30000,3400,,12,205,0.96,13.3,0.092,,2.94,0.0105,0.6,11.1,58.9,7.9,7.94,26.8,1
RIO112,02/10/2007,63,,,208,80,X,X,,12,220,X,X,0.099,,X,0.0055,0.6,13.6,70.4,7.8,8,26.6,1
RIO113,02/10/2007,45,,,202,81,X,X,,12,220,X,X,0.206,,X,0.0124,0.6,13.3,73.4,7.8,7.59,27.3,1
RIO114,02/10/2007,45,,,236,83,X,X,,12,229,X,X,0.158,,X,0.0105,0.7,13.8,99.1,7.8,7.45,26.9,1
RIO115,02/10/2007,96,,,262,87,50000,14000,,13,233,1.05,18.8,0.126,,2.5,0.0096,0.6,14.2,115,7.9,7.55,25.8,1
RIO103,17/10/2007,X,,,562,X,X,X,,22.4,327,X,X,0.38,,X,X,0.8,28.5,214,7.4,7.9,27,1
RIO107,17/10/2007,X,,,706,X,50000,2600,,23.7,370,2.88,28.4,0.283,,X,X,0.8,37.7,309,8.1,6.55,27.5,1
RIO109,17/10/2007,X,,,722,X,50000,17000,,25.1,375,1.6,28.9,0.29,,X,X,0.8,48.4,350,8,6.51,27.7,1
RIO111,17/10/2007,X,,,412,X,50000,1700,,14.4,272,0.74,21.7,0.438,,X,X,0.6,20.3,135,7,7.5,25.9,1
RIO115,17/10/2007,X,,,506,X,50000,2600,,14.4,317,1.08,21.1,0.365,,X,X,0.7,25.5,195,7.6,7.4,26.3,1
RIO102,01/11/2007,524,,,678,79,160000,22000,,7.1,185,1.8,28.5,0.095,,1.5,0,0.7,9,468,7.2,7.1,25,1
RIO103,01/11/2007,523,,,676,83,X,X,,7.2,198,X,X,0.168,,1.9,0,0.7,9.2,469,7.3,7.1,25.3,1
RIO106,01/11/2007,667,,,802,83,X,X,,7.2,198,X,X,0.168,,1.82,0,0.7,9.2,469,7.1,7,25.3,1
RIO107,01/11/2007,243,,,418,85,3000,1100,,8.7,239,1,8.2,0.143,,1.36,0.008,0.9,15.6,345,7.4,6.9,25.8,1
RIO109,01/11/2007,705,,,842,88,50000,400,,11.4,254,1.9,18.8,0.111,,2.17,0.0065,0.9,25.3,611,7.6,7,25.3,1
RIO111,01/11/2007,224,,,800,63,160000,35000,,6.9,161,2.1,30.1,0.12,,1.36,0.0011,0.6,7.9,616,7.4,7.4,26.2,1
RIO112,01/11/2007,501,,,840,65,X,X,,7,166,X,X,0.094,,X,0,0.6,9.5,633,7.7,7.23,26.4,1
RIO113,01/11/2007,456,,,608,59,X,X,,7,163,X,X,0.1,,X,0,0.7,9.6,428,7.6,6.98,26.3,1
RIO114,01/11/2007,471,,,662,79,X,X,,7.1,186,X,X,0.104,,X,0,0.6,10,435,6.9,7.12,25.6,1
RIO116,01/11/2007,43,,,134,30,90000,1400,,4.5,61,1,13.3,0.09,,1.43,0.0028,0.4,1.2,45.8,8.1,8.12,26.5,1
RIO115,01/11/2007,447,,,564,76,50000,3300,,7.1,186,1.4,23.4,0.112,,1.43,0.001,0.6,9.5,398,7.6,7.52,26.7,1
RIO103,16/11/2007,X,,,324,X,X,X,,13,290,X,14.3,0.408,,X,X,0.7,17.5,103,7.4,6.98,27.2,1
RIO109,16/11/2007,X,,,618,X,50000,13000,,24.4,408,0.98,20.2,0.363,,X,X,0.9,43.4,201,7.9,6.6,27.3,1
RIO111,16/11/2007,X,,,250,X,17000,8000,,9.8,244,0.89,9.7,0.303,,X,X,0.7,12.9,50.4,7.3,7.45,26.3,1
RIO115,16/11/2007,X,,,340,X,30000,24000,,11.9,274,1.01,16,0.356,,X,X,0.7,15.4,102,7,7.28,27,1
RIO102,04/12/2007,47,,,264,123,30000,7000,,22,362,0.29,26,0.452,,0.95,0.0011,0.8,27.2,46,7.4,7.4,26.4,1
RIO103,04/12/2007,46,,,254,122,X,X,,23.9,369,X,X,0.331,,0.91,0.0006,0.8,27.4,46.1,7.4,7.17,26.4,1
RIO106,04/12/2007,85,,,332,131,X,X,,27.9,420,X,X,0.333,,1.43,0.0066,0.8,41.3,73.2,7.4,7.12,26.3,1
RIO109,04/12/2007,108,,,474,150,22000,9000,,42.4,595,1.85,19.5,0.324,,1.36,0.0184,1.1,75.5,114,7.6,6.91,27.5,1
RIO111,04/12/2007,150,,,326,102,30000,30000,,16.5,258,2.21,33.5,0.331,,1.82,0.0033,0.5,18.9,152,7.1,7.19,27.1,1
RIO112,04/12/2007,27,,,200,98,X,X,,15,268,X,X,0.32,,X,0.004,0.8,17,29.2,7.1,7.23,26.3,1
RIO113,04/12/2007,34,,,202,97,X,X,,15.9,269,X,X,0.218,,X,0.0039,0.8,17.7,34.6,7,7.11,28,1
RIO114,04/12/2007,40,,,250,122,X,X,,18.8,350,X,X,0.283,,X,0.0004,0.7,17.5,40.6,7,7.34,27.5,1
RIO115,04/12/2007,46,,,264,124,50000,7000,,23,361,1.89,24.5,0.277,,2.27,0.0024,0.8,24.8,41.8,7.1,7.39,25,1
RIO103,13/12/2007,X,,,2228,X,X,X,,22.1,344,X,X,0.337,,X,X,0.7,24.8,766,7,7.42,28.6,1
RIO109,13/12/2007,X,,,1466,X,160000,50000,,42.5,497,4.63,11,0.245,,X,X,1.2,51.9,653,7.7,6.06,26.9,1
RIO111,13/12/2007,X,,,188,X,24000,8000,,18,324,1.41,10.7,0.277,,X,X,0.5,21.2,23.6,7.2,7.41,26,1
RIO115,13/12/2007,X,,,238,X,17000,2700,,22,369,1.5,11.2,0.3,,X,X,0.6,29,44.6,7.7,7.35,27.4,1
RIO116,01/03/2008 ,7,x,x,96,38.4,30000,2200,x,9.2,76,0.5,5.9,,0.166,0.8,0.0052,0.7,x,5.22,8.1 ,8.6,27.6 ,1
RIO111,01/03/2008 ,30,x,x,298,154,7000,2300,x,25.8,431,0.4,9.4,,0.175,1.09,0.0134,0.8,28.8,22.9,7.5 ,7.15,27.6 ,1
RIO112,01/03/2008 ,28.5,x,x,290,171,x,x,x,28.3,455,x,x,,0.342,x,0.0132,0.8,30.3,23.6,7.4 ,7.25,27.6 ,1
RIO113,01/03/2008 ,32.5,x,x,326,168,x,x,x,27.3,475,x,x,,0.325,x,0.0099,0.8,31.3,28.2,7 ,7.14,28.1 ,1
RIO114,01/03/2008 ,36,x,x,330,173,x,x,x,26.8,478,x,x,,0.283,x,0.0128,0.8,33.1,27.2,7.7 ,7.7,27 ,1
RIO115,01/03/2008 ,35,x,x,344,170,13000,1300,x,29.1,477,0.8,11.1,,0.184,1.6 ,0.0072,0.8,33,29.5,7.6 ,7.7,26.7 ,1
RIO102,01/03/2008 ,46,x,x,330,170,24000,3400,x,27.5,470,0.7,11,,0.33,1.14,0.0071,0.9,33.3,33.8,7.7 ,6.79,26.8 ,1
RIO103,01/03/2008 ,48.5,x,x,284,162,x,x,x,26.7,468,x,x,,0.324,1.2 ,0.0064,0.7,30.4,46.1,7.4 ,7.49,26.7 ,1
RIO106,01/03/2008 ,59.5,x,x,352,168,x,x,x,38.2,518,x,x,,0.172,1.64,0.0092,0.8,39.9,56.7,7.3 ,7.19,26.4 ,1
RIO107,01/03/2008 ,38,x,x,418,188,30000,3400,x,39.7,598,0.6,7.7,,0.27,0.91,0.0141,0.8,49,21.3,7.7 ,6.21,27.3 ,1
RIO109,01/03/2008 ,59,x,x,472,200,30000,11000,x,51.8,682,0.4,8.5,,0.095,1.09,0.0117,0.9,88.8,56.3,7.7 ,6.53,27.6 ,1
RIO118,01/03/2008 ,49,x,x,566,212,90000,13000,x,64.5,878,0.6,8.7,,0.106,1.82,0.0189,1.1,148.4,49.5,7.7 ,6.33,26.9 ,1
RIO111,01/15/2008 ,x,x,x,274,x,7000,400,x,35.4,552,0.9,x,,0.488,x,x,0.9,38.6,16,7.2 ,6.44,27.2 ,1
RIO115,01/15/2008 ,x,x,x,220,x,8000,1100,x,50.4,658,1.9,x,,0.414,x,x,0.8,53.3,22.1,7.9 ,6.62,29 ,1
RIO103,01/15/2008 ,x,x,x,376,x,x,x,x,50.7,655,x,x,,0.42,x,x,0.7,60.4,36.9,8 ,6.63,29.1 ,1
RIO107,01/15/2008 ,x,x,x,360,x,24000,8000,x,45.8,653,0.7,x,,0.268,x,x,0.9,44.9,29.4,8 ,6.32,28.1 ,1
RIO109,01/15/2008 ,x,x,x,446,x,13000,1100,x,57.3,745,1.1,x,,0.318,x,x,0.8,76.1,42.2,8 ,6.11,28.6 ,1
RIO118,01/15/2008 ,x,x,x,504,x,50000,24000,x,60.2,825,0.9,x,,0.219,x,x,0.8,127.9,29.2,7.7 ,6.11,28 ,1
RIO111,02/05/2008 ,31.3333,x,x,340,234,2200,400,x,x,652,1,9.5,,0.644,1.05,0.0151,0.8,47.4,11.1,7.7 ,8.81,30 ,1
RIO112,02/05/2008 ,12.75,x,x,340,235,x,x,x,x,649,x,x,,0.53,x,0.0118,0.7,44.8,8.7,7.6 ,7.92,27.9 ,1
RIO113,02/05/2008 ,15.25,x,x,332,236,x,x,x,x,658,x,x,,0.476,x,0.0092,0.6,46.4,6.52,8.1 ,8.25,30.6 ,1
RIO114,02/05/2008 ,8.25,x,x,374,216,x,x,x,x,672,x,x,,0.67,x,0.005,0.6,50.9,5.01,7.8 ,8.4,26.6 ,1
RIO115,02/05/2008 ,7.5,x,x,410,228,2100,1100,x,x,684,0.8,6.3,,0.42,1.37,0.0037,0.7,51.4,6.83,8.1 ,8.38,26 ,1
RIO102,02/05/2008 ,17.6,x,x,412,230,5000,200,x,x,680,0.4,11.7,,0.413,1,0.0035,0.7,52,9.32,8 ,7.66,28.2 ,1
RIO103,02/05/2008 ,10.5,x,x,440,240,x,x,x,x,685,x,x,,0.488,1,0.0041,0.6,54.6,8.63,7.9 ,8.18,27.8 ,1
RIO106,02/05/2008 ,8.6,x,x,486,249,x,x,x,x,782,x,x,,0.552,1.3 ,0.0039,0.5,69.7,6.83,8.1 ,7.96,27 ,1
RIO107,02/05/2008 ,6,x,x,452,238,7000,800,x,x,755,0.6,10.1,,0.34,1.62,0.0095,0.8,66.2,11.1,8.1 ,7.73,27.8 ,1
RIO109,02/05/2008 ,9.1667,x,x,510,238,3000,800,x,x,755,1.3,11.9,,0.389,1.33,0.0095,0.9,97.9,115.8,8.2 ,7.66,28 ,1
RIO118,02/05/2008 ,11,x,x,534,234,3000,400,x,x,846,1,7.1,,0.221,1.22,0.0093,1,108.1,18.2,8.3 ,7.76,27.4 ,1
RIO111,02/14/2008 ,462,x,x,462,x,13000,13000,x,x,723,0.8,x,,0.629,x,x,0.7,52.9,3.7,7.8 ,8.8,28.4 ,1
RIO115,02/14/2008 ,460,x,x,460,x,13000,13000,x,x,725,0.5,x,,0.458,x,x,0.5,54.9,3.83,7.9 ,8.72,27.1 ,1
RIO103,02/14/2008 ,468,x,x,468,x,x,x,x,x,725,x,x,,0.428,x,x,0.6,57.2,8.35,7.9 ,8.8,29.1 ,1
RIO107,02/14/2008 ,464,x,x,464,x,5000,5000,x,x,743,0.7,x,,0.228,x,x,0.9,59.2,8.95,8.2 ,8.19,27.4 ,1
RIO109,02/14/2008 ,482,x,x,482,x,8000,8000,x,x,808,1.2,x,,0.82,x,x,1.1,89.6,8.08,8.4 ,8.51,28.6 ,1
RIO118,02/14/2008 ,520,x,x,520,x,0.9,13000,x,x,831,x,x,,13000,x,x,0.8,9.29,0.23,8.3 ,8.11,27.6 ,1
RIO116,03/03/2008 ,13,54,x,72,54,2200,1100,x,x,127,0.8,8.3,,0.157,1.4 ,0.003,0.6,0.8,2.85,8.2 ,7.43,30.8 ,1
RIO111,03/03/2008 ,10.5882,426,x,494,255,2300,1300,x,x,822,0.9,11.9,,0.6,1.1 ,0.0136,1,56.9,7.89,7.8 ,6.62,29.6 ,1
RIO112,03/03/2008 ,6.5,392,x,450,257,x,x,x,x,835,x,x,,0.529,x,0.0108,0.9,54.2,5.13,8.1 ,6.54,30.5 ,1
RIO113,03/03/2008 ,17,398,x,448,262,x,x,x,x,834,x,x,,0.58,x,0.0095,0.8,57,4.35,7.7 ,6.69,29.4 ,1
RIO114,03/03/2008 ,5.6,424,x,450,246,x,x,x,x,838,x,x,,0.569,x,0.0051,0.7,58.2,5.72,8.1 ,6.78,30.2 ,1
RIO115,03/03/2008 ,10.4,404,x,474,267,400,200,x,x,848,0.9,9.5,,0.46,0.6,0.006,0.8,60.2,5.95,7.9 ,6.81,27.4 ,1
RIO102,03/03/2008 ,12,424,x,492,252,3000,700,x,x,792,0.6,9.8,,0.461,1.2 ,0.0041,0.7,60.8,8.7,8.5 ,6.33,28.3 ,1
RIO103,03/03/2008 ,10,460,x,474,260,x,x,x,x,788,x,x,,0.466,1 ,0.0072,0.7,58.9,7.86,8.5 ,6.23,27.7 ,1
RIO106,03/03/2008 ,8.5,504,x,494,253,x,x,x,x,839,x,x,,0.387,1.6 ,0.0045,0.6,66.8,5.57,8.5 ,6.32,27.3 ,1
RIO109,03/03/2008 ,17.0539,454,x,512,248,13000,0,x,x,829,2,11.7,,0.273,1 ,0.0224,1.3,75.7,8.71,8.5 ,6.3,29.4 ,1
RIO118,03/03/2008 ,14.4959,448,x,520,248,13000,2700,x,x,823,1,9.5,,0.28,0.9,0.0176,1.1,87.3,10.9,8.5 ,6.78,28.5 ,1
RIO107,03/03/2008 ,17.5095,424,x,476,250,7000,900,x,x,774,0.7,10.6,,0.318,1.1 ,0.0199,1.2,64,9.25,8.5 ,6.3,29.4 ,1
RIO111,03/18/2008 ,x,x,x,476,x,90000,2700,x,55,783,2.1,x,,0.899,x,x,0.7,59.5,9.21,7.6 ,7.15,28.9 ,1
RIO115,03/18/2008 ,x,x,x,452,x,5000,2100,x,63,780,2.6,x,,0.616,x,x,0.3,58.9,5.59,7.9 ,7.98,27.1 ,1
RIO103,03/18/2008 ,x,x,x,478,x,x,x,x,56,785,x,x,,0.506,x,x,0.2,60.9,6.23,8 ,7.91,26.4 ,1
RIO107,03/18/2008 ,x,x,x,462,x,17000,17000,x,66,798,2.6,x,,0.33,x,x,0.5,63.7,9.23,6.7 ,7.38,27.8 ,1
RIO109,03/18/2008 ,x,x,x,462,x,17000,3300,x,89,891,3.3,x,,0.47,x,x,0.8,78.2,8.69,7 ,7.04,30.1 ,1
RIO118,03/18/2008 ,x,x,x,548,x,50000,3300,x,76,882,3.4,x,,0.477,x,x,0.9,76.8,9.58,6.9 ,7.91,28.6 ,1
RIO116,04/02/2008 ,2,28,0,130,59,3000,3000,31.2,10,120,1.5,x,,0.065,0.3,x,0.7,x,5.35,7.6 ,7.01,29 ,1
RIO111,04/02/2008 ,10,364,0,512,262,11000,2600,209.6,62,798,2.8,x,,0.754,0.2,x,0.8,78,11.2,7.9 ,8.4,29.7 ,1
RIO112,04/02/2008 ,2.5,402,0,488,270,x,x,218.8,61,774,x,x,,0.617,x,x,0.8,67,8.95,7.9 ,8.27,29.1 ,1
RIO113,04/02/2008 ,8.8,410,0,496,248,x,x,211.6,57,771,x,x,,0.562,x,x,0.8,68,10.9,7.7 ,8.23,30.4 ,1
RIO114,04/02/2008 ,3,404,0,466,260,x,x,208.8,55,791,x,x,,0.561,x,x,0.8,72,10.1,7.7 ,8.23,30.4 ,1
RIO115,04/02/2008 ,5.25,404,0,482,243,13000,3400,215.6,59,781,2.7,x,,0.494,0.3,x,0.8,72,6.81,8.1 ,7.07,27.7 ,1
RIO102,04/02/2008 ,5.1111,418,0,472,262,8000,8000,204.8,47,764,1.9,x,,0.429,1 ,x,0.9,72,9.06,8.1 ,7.32,29.8 ,1
RIO107,04/02/2008 ,13,318,0,472,240,90000,17000,216,59,762,1.6,x,,0.35,0.5,x,0.8,72,21,8.1 ,7.29 ,31.2 ,1
RIO109,04/02/2008 ,11.3333,518,0,610,247,11000,11000,263.6,84,955,2.6,x,,0.319,1.2,x,0.9,117.5,15.9,8.1 ,7.09 ,29.7 ,1
RIO118,04/02/2008 ,12.6667,562,0,648,258,8000,8000,263.6,91,982,2.5,x,,0.35,0.9,x,1.1,150,23.5,7.9 ,6.96 ,29.5 ,1
RIO111,04/14/2008 ,x,x,x,512,x,30000,30000,x,68,871,2,x,,0.98,x,x,0.9,72,4.08,7.7,8.48,31.6,1
RIO115,04/14/2008 ,x,x,x,500,x,x,x,x,77,856,x,x,,0.6,x,x,0.4,68,2.92,7.6,6.57,32.8,1
RIO103,04/14/2008 ,x,x,x,504,x,x,x,x,71,799,x,x,,0.54,x,x,0.7,70,5.62,8.6,6.34,31.2,1
RIO107,04/14/2008 ,x,x,x,472,x,13000,13000,x,72,793,1,x,,0.32,x,x,0.5,65,11.2,8.5,6.86,31.6,1
RIO109,04/14/2008 ,x,x,x,628,x,3000,3000,x,105,995,1.8,x,,0.51,x,x,0.6,105,16.7,8.4,7.36,30.8,1
RIO118,04/14/2008 ,x,x,x,624,x,5000,5000,x,92,1006,x,x,,0.56,x,x,0.8,122.5,24.9,8.3,7,31.5,1
RIO111,05/02/2008 ,40.6667,246,0.4,306,145,3000,2300,99,50,346,3.9,10.8,,0.701,0.3,0.0158,0.8,16,35.2,7.31,4.25,29.6,1
RIO112,05/02/2008 ,47.3333,310,0.4,382,175,x,x,127,65,491,x,x,,0.585,x,0.0362,0.9,70,45.5,7.32,4.09,28.3,1
RIO113,05/02/2008 ,58.5,314,0.4,362,185,x,x,121,60,489,x,x,,0.656,x,0.048,0.9,67,54,7.51,4.81,31.5,1
RIO114,05/02/2008 ,102.6667,280,0.3,360,195,x,x,128,75,438,x,x,,0.353,x,0.0285,1,46,76.3,7.33,4.22,28.1,1
RIO115,05/02/2008 ,63,428,0.3,386,145,11000,5000,141,80,480,2.2,8.8,,0.368,0.3,0.0164,1.1,54.2,79,7.36,4.1,28.4,1
RIO102,05/02/2008 ,88.6667,314,0.3,414,155,24000,8000,139,70,479,2.6,9.2,,0.314,1 ,0.0423,1,61.5,86.6,7.6,5.77,27.4,1
RIO103,05/02/2008 ,117.3333,298,0.5,424,120,x,x,138,65,416,x,x,,0.374,0.6,0.0443,1.2,64.2,100,7.6,6.43,27.4,1
RIO106,05/02/2008 ,118.6667,298,0.5,394,105,x,x,135,50,438,x,x,,0.248,1.1 ,0.0397,1.3,60.9,126,7.3,6.21,27.3,1
RIO109,05/02/2008 ,142,482,0.2,604,180,50000,11000,207,75,687,5,8.7,,0.289,1.1,0.1739,2,90.5,145,7.9,5.5,29.5,1
RIO118,05/02/2008 ,104,702,0.3,852,175,x,x,263,100,971,6.4,9.3,,0.191,0.9,0.1668,2.1,282,196,7.8,4.47,30.2,1
RIO111,05/20/2008 ,x,x,x,260,x,8000,1400,x,32,368,1.1,x,,0.762,x,x,0.8,24.7,18.9,7.13,6,28.4,1
RIO115,05/20/2008 ,x,x,x,360,x,13000,2200,x,60,570,0.5,x,,0.564,x,x,1,56.8,25.8,7.53,6.5,28.5,1
RIO103,05/20/2008 ,x,x,x,400,x,x,x,x,48,617,x,x,,0.59,x,x,0.7,83.8,27.2,7.16,5.8,30,1
RIO107,05/20/2008 ,x,x,x,446,x,22000,11000,x,98,658,1.7,x,,0.523,x,x,1.4,86.4,50.7,7.8,7.1,29.5,1
RIO109,05/20/2008 ,x,x,x,636,x,17000,11000,x,92,945,1.7,x,,0.473,x,x,1.3,198.4,27.8,7.9,6.1,30.2,1
RIO116,06/04/2008 ,360,126,2,434,60,90000,11000,52,10,115,2.1,7.2,,0.295,1.4 ,0.0227,0.5,3,304,7.66,6.6,26.4,1
RIO111,06/04/2008 ,1710,200,4,1586,88,1600000,130000,148,20,257,4.8,10.6,,0.169,0.3,0.0032,0.9,31.5,1072,7.7,6.5,25.6,1
RIO112,06/04/2008 ,1470,80,4,1594,80,x,x,140,22,266,x,x,,0.17,x,0,0.9,35.8,1081,7.49,6.3,25.6,1
RIO113,06/04/2008 ,1740,96,4,1610,72,x,x,136,23,289,x,x,,0.7,x,0.0017,0.7,36.7,1066,7.3,6.5,26.3,1
RIO114,06/04/2008 ,1380,74,2.5,1680,73,x,x,128,23,260,x,x,,0.489,x,0.0125,0.5,33.6,1316,7.32,6.5,25.5,1
RIO115,06/04/2008 ,2690,76,3,1818,71,50000,35000,108,20,276,5.3,8.9,,0.401,0.3,0.0179,1.1,35.1,1047,7.71,6.5,26.5,1
RIO102,06/04/2008 ,2030,94,2.5,1748,74,240000,130000,112,20,268,5.6,9.5,,0.108,1.1,0.0061,0.5,35.7,1758,7.4,5.7,26.4,1
RIO103,06/04/2008 ,880,98,2.2,1166,95,x,x,120,25,318,x,x,,0.475,0.6,0.0181,0.7,42.5,898,7.4,5.7,27.2,1
RIO106,06/04/2008 ,1455,112,4.2,1592,82,x,x,160,33,400,x,x,,0.36,1.2,0,0.7,64,1362,7.1,5.9,26.1,1
RIO107,06/04/2008 ,1805,128,5,1652,84,30000,17000,200,36,434,5.6,10.2,,0.437,1.2 ,0.0098,1.1,64.9,1434,7.5,5.8,27.3,1
RIO109,06/04/2008 ,1925,124,4.2,1736,90.4,240000,80000,148,32,416,5.2,8.6,,0.381,1.1 ,0.0076,1.6,68.1,1590,7.7,5.5,27,1
RIO111,06/16/2008 ,x,x,x,298,x,80000,8000,x,25,296,4.3,x,,0.326,x,x,0.9,34.8,140,7.44,5.11,29.9,1
RIO115,06/16/2008 ,x,x,x,370,x,300000,14000,x,35,403,4.1,x,,0.389,x,x,0.8,45.3,128,7.8,5.29,30.2,1
RIO103,06/16/2008 ,x,x,x,462,x,x,x,x,26,374,x,x,,0.41,x,x,1.1,42.6,178,7.9,5.4,28,1
RIO107,06/16/2008 ,x,x,x,636,x,70000,30000,x,30,402,4.6,x,,0.474,x,x,0.9,43.8,348,8,6,29.1,1
RIO109,06/16/2008 ,x,x,x,758,x,130000,27000,x,38,596,4.3,x,,0.342,x,x,0.8,92.25,406,8,6.3,29.5,1
RIO111,07/01/2008 ,64,194,0,432,190,90000,50000,185,44,591,2,24.8,,0.629,0.199,0.0366,0.8,42.8,23.4,8.04,6.55,30.4,1
RIO112,07/01/2008 ,20,362,0,424,195,x,x,215,50,602,x,x,,0.644,x,0.0336,0.8,43.7,20.9,7.86,6.33,27,1
RIO113,07/01/2008 ,36,366,0,414,200,x,x,210,58,608,x,x,,0.545,x,0.0255,0.7,45,19.5,7.89,5.8,27.4,1
RIO114,07/01/2008 ,21,362,0,432,195,x,x,215,46,624,x,x,,0.591,x,0.0218,0.8,42.8,20.2,7.99,6.86,27.3,1
RIO115,07/01/2008 ,14,376,0,446,210,17000,17000,230,53,631,1,19.8,,0.591,0.3,0.0299,0.8,47.4,19.2,7.84,5.83,29.9,1
RIO102,07/01/2008 ,19,372,0,444,260,30000,30000,220,47,625,0.7,16.7,,0.539,1.1,0.0499,0.8,46.8,21.9,8.1,6.8,28.9,1
RIO103,07/01/2008 ,25,368,0,444,205,x,x,220,47,629,x,x,,0.587,0.2,0.047,0.7,51.9,20.7,8.3,6.4,28.9,1
RIO106,07/01/2008 ,22,364,0,432,220,x,x,250,63,659,x,x,,0.483,0.7,0.0357,0.7,54.6,20,8.3,6.4,30.4,1
RIO107,07/01/2008 ,41,406,0,484,210,24000,24000,235,60,676,1.1,16.8,,0.487,1.1,0.0362,0.9,58.7,30,8.4,6.5,29.8,1
RIO109,07/01/2008 ,22.6667,452,0,536,215,5000,5000,270,59,762,1.1,17.4,,0.531,1.2,0.0048,1,103.2,25.6,8.4,7.1,30.8,1
RIO111,07/16/2008 ,x,x,x,785,x,240000,34000,x,20,152,4.5,x,,0.245,x,x,0.8,9.7,310,7.5,7.92,25.6,1
RIO115,07/16/2008 ,x,x,x,2740,x,280000,170000,x,20,241,8,x,,0.319,x,x,0.8,17.9,964,7.55,6.54,26,1
RIO103,07/16/2008 ,x,x,x,2190,x,x,x,x,22,326,x,x,,0.377,x,x,0.7,29.7,958,7.42,6.05,26,1
RIO107,07/16/2008 ,x,x,x,2500,x,500000,80000,x,38,458,7.5,x,,0.28,x,x,0.9,52.3,1004,7.9,6.1,26,1
RIO109,07/16/2008 ,x,x,x,3830,x,900000,110000,x,29,383,6.4,x,,0.374,x,x,1.1,52.3,556,7.8,5.3,26,1
RIO116,08/04/2008 ,8.3333,120,0,135,39,7000,7000,32,12,87,0.8,8.1,,0.03,0.2,0.0069,0.5,1.1,6.36,8.62,6.36,32.9,1
RIO111,08/04/2008 ,17.5,295,0,320,126,90000,30000,116,48,390,1.1,11.5,,0.467,0.599,0.0143,0.8,29.3,26.4,8.23,4.99,31.7,1
RIO112,08/04/2008 ,20,270,0,300,138,x,x,108,40,378,x,x,,0.109,x,0.012,0.9,30.6,26.1,7.79,5.06,27.9,1
RIO113,08/04/2008 ,27.5,280,0,360,129,x,x,100,38,380,x,x,,0.342,x,0.0122,0.7,29.6,28.7,8.07,5.22,30.9,1
RIO114,08/04/2008 ,37.5,245,0,300,148,x,x,110,30,368,x,x,,0.286,x,0.0135,0.5,26.3,30.6,8.08,5.28,27.6,1
RIO115,08/04/2008 ,32.5,230,0,275,135,90000,50000,140,35,369,1.4,10.5,,0.486,0.4,0.0148,0.6,27.4,28.5,8.06,5.31,30.4,1
RIO102,08/04/2008 ,40,205,0,275,145,30000,30000,125,33,380,0.5,8,,0.405,0.6,0.019,0.5,26.8,32.2,8.2,6.7,31.9,1
RIO103,08/04/2008 ,50,215,0,280,149,x,x,115,20,375,x,x,,0.382,0.5,0.0174,0.6,30.9,41.9,8.3,6.9,32.1,1
RIO106,08/04/2008 ,37.5,295,0,330,170,x,x,150,17,416,x,x,,0.793,0.7,0.0913,0.7,33.6,43.9,8.2,7,31.6,1
RIO107,08/04/2008 ,40,410,0,460,194,24000,24000,180,26,541,4.1,12.1,,0.358,1.2,0.3296,1.6,44.8,115,8.2,6,28.9,1
RIO109,08/04/2008 ,72.5,385,0,470,184,50000,50000,195,42,658,3.5,11.1,,0.825,1.5,0.0897,0.8,60,66.6,8,6.4,31,1
RIO111,08/21/2008 ,x,x,x,350,x,8000,8000,x,34,461,2,x,,0.571,x,x,0.8,31.1,44.8,8.3,5.4,29.6,1
RIO115,08/21/2008 ,x,x,x,454,x,13000,13000,x,47,578,1.5,x,,0.663,x,x,0.8,59.7,77.1,8.15,5.8,31.9,1
RIO103,08/21/2008 ,x,x,x,626,x,x,x,x,59,689,x,x,,0.665,x,x,0.8,100,134,8.1,5.4,27.3,1
RIO107,08/21/2008 ,x,x,x,714,x,90000,50000,x,52,620,3.9,x,,0.589,x,x,0.9,89.5,243,8.1,5.2,27.9,1
RIO109,08/21/2008 ,x,x,x,806,x,90000,50000,x,66,790,3.5,x,,0.622,x,x,0.9,145,263,8,6,29.4,1
RIO111,09/02/2008 ,104,254,0.6,360,112,50000,17000,96,18,282,1.5,13.7,,0.394,x,0.0075,0.8,20.5,119,7.5,6.9,29.4,1
RIO112,09/02/2008 ,142,250,0,488,122,x,x,124,35,381,x,x,,0.206,x,0.0042,0.7,44.3,143,7.1,7.26,30,1
RIO113,09/02/2008 ,120,236,0.7,500,128,x,x,118,33,373,x,x,,0.395,x,0.0084,0.6,47.8,129,7,7.1,30.1,1
RIO114,09/02/2008 ,132,232,0.6,480,118,x,x,114,32,368,x,x,,0.37,x,0.0078,0.6,46.7,176,7.6,7.19,29.7,1
RIO115,09/02/2008 ,126,232,0.4,614,142,30000,30000,120,31,362,1.1,18.3,,0.26,x,0.0009,0.7,46.4,191,7.9,7.4,28,1
RIO102,09/02/2008 ,230,226,0.2,534,123,160000,22000,123,20,361,1.2,17.6,,0.995,x,0.0013,0.7,46.4,191,7,5.1,28.8,1
RIO103,09/02/2008 ,224,248,0,600,128,x,x,118,21,355,x,x,,0.354,x,0.0046,0.7,46.8,222,7.1,6.1,29.3,1
RIO106,09/02/2008 ,338,258,0.3,566,118,x,x,111,24,328,x,x,,0.283,x,0.0005,0.7,39.1,184,7.2,6.5,28.5,1
RIO107,09/02/2008 ,384,252,0.8,538,112,160000,35000,129,34,383,3.7,29.2,,0.341,x,0.0613,1.8,49,306,7,5.1,28.8,1
RIO109,09/02/2008 ,406,302,0.6,918,115,160000,9000,138,42,438,3.7,24.9,,0.375,x,0.1107,1.9,68.9,299,7.1,4.5,30,1
RIO111,09/17/2008 ,x,x,x,870,x,500000,300000,x,26,185,5.1,x,,0.569,x,x,0.5,20.3,746,7.8,5,25.2,1
RIO115,09/17/2008 ,x,x,x,320,x,x,x,x,32,281,1.6,x,,0.361,x,x,0.7,23.4,100,7.1,5.59,27.1,1
RIO103,09/17/2008 ,x,x,x,430,x,x,x,x,35,347,x,x,,0.524,x,x,0.7,27.8,122,6.9,5.64,26.6,1
RIO103,09/17/2008 ,x,x,x,425,x,x,x,x,33,347,x,x,,0.522,x,x,0.7,26.8,123,6.9,5.64,26.6,1
RIO107,09/17/2008 ,x,x,x,500,x,90000,50000,x,45,485,2.6,x,,0.433,x,x,1.1,65.9,182,7.8,6.02,26.2,1
RIO109,09/17/2008 ,x,x,x,890,x,220000,140000,x,40,575,3.7,x,,0.426,x,x,1,108,636,7.9,5.17,26.1,1
RIO116,10/02/2008 ,17.5,115,0.1,150,26,17000,11000,17,8,58,0.7,19.1,,0.097,x,0,0.7,0.4,27.9,7.7,6.5,28,1
RIO111,10/02/2008 ,170,180,0.5,455,115,50000,11000,85,26,265,3,12.3,,0.653,x,0.0063,0.5,26.7,129,7.8,5.88,27.7,1
RIO112,10/02/2008 ,335,235,0,610,96,x,x,82,28,296,x,x,,0.202,x,0.0039,0.4,30.9,220,7.84,5.82,25.8,1
RIO113,10/02/2008 ,295,255,0.6,580,90,x,x,80,23,282,x,x,,0.138,x,0.0067,0.5,29.1,197,7.86,5.63,27.1,1
RIO114,10/02/2008 ,370,350,1,730,115,x,x,105,26,320,x,x,,0.128,x,0.0033,0.5,34.6,349,7.79,5.75,26.1,1
RIO115,10/02/2008 ,435,380,0.2,820,110,160000,28000,85,29,331,3.9,17.1,,0.38,x,0.0052,0.6,36.7,359,7.78,5.2,26.7,1
RIO102,10/02/2008 ,440,265,1,765,110,90000,90000,95,31,339,5.8,12.7,,0.257,x,0.0082,0.7,37.7,335,7.9,6.56,26.8,1
RIO103,10/02/2008 ,425,280,0.9,785,105,x,x,100,35,350,x,x,,0.443,x,0.0072,0.7,42.8,369,7.8,6.5,27.1,1
RIO106,10/02/2008 ,890,230,1.1,1125,105,x,x,95,39,372,x,x,,0.451,x,0.0033,1,45.8,590,7.7,6.19,26.5,1
RIO107,10/02/2008 ,1035,365,1.1,1450,115,80000,80000,120,43,451,2.7,14.7,,0.5,x,0.0652,1.2,69.9,528,7.8,6.29,27.5,1
RIO109,10/02/2008 ,1165,155,1.2,1330,120,140000,90000,115,41,432,5.3,14.2,,0.589,x,0.0151,1.1,71.6,667,7.8,6.35,27.1,1
RIO111,14/10/2008,380,x,x,380,x,160000,17000,x,16,346,0.1,x,,0.517,x,x,0.7,x,64,7.04,6.75,25.4,1
RIO115,14/10/2008,635,x,x,635,x,160000,50000,x,12,284,2.2,x,,0.451,x,x,1,8.4,328,7.49,6.91,26.4,1
RIO103,14/10/2008,585,x,x,585,x,x,x,x,10,272,x,x,,0.541,x,x,0.8,9.9,298,7.8,5.17,25.5,1
RIO109,14/10/2008,875,x,x,875,x,90000,17000,x,13,282,3.2,x,,0.507,x,x,1.3,14.9,494,7.9,4.9,25.8,1
RIO111,11/04/2008 ,110,175,0.2,310,111,160000,14000,112,14,290,1.5,14.3,,0.296,2.499 ,0.0033,0.6,16.9,84.4,7.88,6.75,26.8,1
RIO112,11/04/2008 ,100,195,0.3,315,110,x,x,135,21,344,x,x,,0.252,x,0.0074,0.6,33,87,7.76,6.9,26.5,1
RIO113,11/04/2008 ,127,195,0.4,325,114,x,x,124,17,325,x,x,,0.306,x,0.0041,0.6,24.9,103,8.2,6.64,26.5,1
RIO114,11/04/2008 ,111,215,0.4,375,112,x,x,122,15,321,x,x,,0.185,x,0.0046,0.6,23.4,123,7.6,6.81,26.6,1
RIO115,11/04/2008 ,178,165,0.4,485,119,160000,30000,130,18,332,1.5,14.8,,0.047,2.099 ,0.0066,0.5,24.3,142,7.56,6.85,26.18,1
RIO102,11/04/2008 ,172,170,0.5,390,114,160000,17000,129,17,330,1.3,12.4,,0.269,2.099 ,0.0025,0.5,29.5,151,7.1,6.41,26.8,1
RIO103,11/04/2008 ,201,215,0.5,465,120,x,x,141,20,345,x,x,,0.298,.6 ,0.0046,0.6,30.2,150,7.1,6.39,26.8,1
RIO106,11/04/2008 ,318,145,0.8,535,120,x,x,136,25,354,x,x,,0.08,1.599 ,0.0047,0.5,31,234,6.8,6.04,27.1,1
RIO109,11/04/2008 ,392,300,1,700,112,160000,28000,154,30,418,2.6,20.9,,0.171,1.099 ,0.0117,0.6,54.3,394,6.9,6.03,27.1,1
RIO111,11/19/2008 ,x,x,x,595,x,140000,140000,x,9,215,2.4,x,,0.339,x,x,0.9,13.2,561,7.1,5.27,25.6,1
RIO115,11/19/2008 ,x,x,x,615,x,500000,220000,x,11,284,2.1,x,,0.436,x,x,0.9,17.6,498,7.9,5.3,26,1
RIO103,11/19/2008 ,x,x,x,650,x,x,x,x,11,287,x,x,,0.235,x,x,1,18.2,510,8.2,5.08,26,1
RIO109,11/19/2008 ,x,x,x,930,x,500000,300000,x,20,404,4,x,,0.416,x,x,1.3,53.7,768,7.7,6.29,26,1
RIO116,12/04/2008 ,15,41,0,115,38,22000,1700,56,6,82,0.5,x,,0.182,x,0.0031,0.7,4.8,16.6,8.16,7.77,25.4,1
RIO111,12/04/2008 ,75,157,0.2,240,128,28000,3000,123,12,315,1.2,x,,0.705,x,0.0066,0.7,21.7,62.2,8.3,7,26,1
RIO112,12/04/2008 ,94,164,0.3,370,123,x,x,130,14,327,x,x,,0.452,x,0.0069,0.7,23,66.6,8.4,7,25.3,1
RIO113,12/04/2008 ,116,177,0.4,400,138,x,x,128,17,353,x,x,,0.525,x,0.0053,0.4,29.3,82.3,8.1,6.8,26,1
RIO114,12/04/2008 ,136,180,0.5,465,143,x,x,148,19,359,x,x,,0.218,x,0.0087,0.9,24.4,94.4,8.2,6.8,25.5,1
RIO115,12/04/2008 ,182,186,0.3,370,139,160000,6000,144,21,371,1.2,x,,0.63,x,0.0121,0.7,26.6,109,7.67,6.7,25.6,1
RIO102,12/04/2008 ,187,182,0.4,445,146,160000,3300,150,19,363,1.5,x,,0.551,x,0.009,0.7,26,96.6,7.3,6.6,26.1,1
RIO103,12/04/2008 ,195,198,0.1,510,150,x,x,144,22,395,x,x,,2.017,x,0.0102,0.8,30.2,107,7.2,6.8,26.3,1
RIO106,12/04/2008 ,311,215,0.8,730,155,x,x,157,29,430,x,x,,0.227,x,0.0043,0.9,34.9,189,7.3,6.5,26.5,1
RIO109,12/04/2008 ,329,279,0.6,685,170,50000,1700,212,35,558,1.3,x,,0.406,x,0.0079,1,63.6,241,7.6,6.3,26.8,1
RIO111,12/16/2008 ,x,x,x,272,x,30000,17000,x,18,347,0.7,x,,0.33,x,x,2.1,23,27.1,7.6,4.95,24.01,1
RIO115,12/16/2008 ,x,x,x,320,x,50000,1700,x,31,428,0.9,x,,0.421,x,x,2,30.4,41.6,7.7,4.77,24.17,1
RIO103,12/16/2008 ,x,x,x,320,x,x,x,x,28,470,x,x,,0.41,x,x,2.1,33.7,41.3,7.8,4.96,27.3,1
RIO109,12/16/2008 ,x,x,x,528,x,24000,3000,x,46,696,0.5,x,,0.256,x,x,2.4,93.5,50.1,7.9,5.02,26.9,1
